month,day,sunrise_raw,sunset_raw,daylength,daylength_difference,astronomical_twilight_start,astronomical_twilight_end,nautical_twilight_start,nautical_twilight_end,civil_twilight_start,civil_twilight_end,solar_noon_time,solar_noon_mil.mi
11,1,7:29 am ↑ (106°),6:39 pm ↑ (254°),11:10:20,−1:18,6:11 AM,7:57 PM,6:38 AM,7:30 PM,7:05 AM,7:03 PM,1:04 pm (49.8°),92.262
11,2,7:29 am ↑ (106°),6:38 pm ↑ (254°),11:09:02,−1:18,6:11 AM,7:56 PM,6:38 AM,7:29 PM,7:05 AM,7:02 PM,1:04 pm (49.4°),92.238
11,3,6:30 am ↑ (106°),5:38 pm ↑ (254°),11:07:45,−1:17,5:12 AM,6:56 PM,5:39 AM,6:29 PM,6:06 AM,6:01 PM,12:04 pm (49.1°),92.213
11,4,6:30 am ↑ (107°),5:37 pm ↑ (253°),11:06:28,−1:16,5:12 AM,6:55 PM,5:39 AM,6:28 PM,6:07 AM,6:01 PM,12:04 pm (48.8°),92.189
11,5,6:31 am ↑ (107°),5:36 pm ↑ (253°),11:05:13,−1:15,5:13 AM,6:55 PM,5:40 AM,6:28 PM,6:07 AM,6:00 PM,12:04 pm (48.5°),92.165
11,6,6:32 am ↑ (107°),5:36 pm ↑ (252°),11:03:58,−1:14,5:13 AM,6:54 PM,5:40 AM,6:27 PM,6:08 AM,6:00 PM,12:04 pm (48.2°),92.141
11,7,6:32 am ↑ (108°),5:35 pm ↑ (252°),11:02:44,−1:13,5:14 AM,6:54 PM,5:41 AM,6:27 PM,6:08 AM,5:59 PM,12:04 pm (47.9°),92.118
11,8,6:33 am ↑ (108°),5:35 pm ↑ (252°),11:01:31,−1:13,5:14 AM,6:53 PM,5:42 AM,6:26 PM,6:09 AM,5:59 PM,12:04 pm (47.6°),92.095
11,9,6:34 am ↑ (108°),5:34 pm ↑ (252°),11:00:19,−1:12,5:15 AM,6:53 PM,5:42 AM,6:26 PM,6:10 AM,5:58 PM,12:04 pm (47.3°),92.072
11,10,6:34 am ↑ (109°),5:34 pm ↑ (251°),10:59:08,−1:11,5:16 AM,6:52 PM,5:43 AM,6:25 PM,6:10 AM,5:58 PM,12:04 pm (47.0°),92.05
11,11,6:35 am ↑ (109°),5:33 pm ↑ (251°),10:57:58,−1:10,5:16 AM,6:52 PM,5:43 AM,6:25 PM,6:11 AM,5:57 PM,12:04 pm (46.8°),92.028
11,12,6:36 am ↑ (109°),5:33 pm ↑ (251°),10:56:49,−1:09,5:17 AM,6:52 PM,5:44 AM,6:24 PM,6:12 AM,5:57 PM,12:04 pm (46.5°),92.006
11,13,6:37 am ↑ (110°),5:32 pm ↑ (250°),10:55:41,−1:07,5:17 AM,6:51 PM,5:45 AM,6:24 PM,6:12 AM,5:56 PM,12:05 pm (46.2°),91.985
11,14,6:37 am ↑ (110°),5:32 pm ↑ (250°),10:54:34,−1:06,5:18 AM,6:51 PM,5:45 AM,6:24 PM,6:13 AM,5:56 PM,12:05 pm (46.0°),91.964
11,15,6:38 am ↑ (110°),5:31 pm ↑ (250°),10:53:28,−1:05,5:18 AM,6:51 PM,5:46 AM,6:23 PM,6:14 AM,5:56 PM,12:05 pm (45.7°),91.944
11,16,6:39 am ↑ (110°),5:31 pm ↑ (249°),10:52:24,−1:04,5:19 AM,6:51 PM,5:47 AM,6:23 PM,6:14 AM,5:55 PM,12:05 pm (45.5°),91.924
11,17,6:39 am ↑ (111°),5:31 pm ↑ (249°),10:51:20,−1:03,5:20 AM,6:50 PM,5:47 AM,6:23 PM,6:15 AM,5:55 PM,12:05 pm (45.2°),91.904
11,18,6:40 am ↑ (111°),5:30 pm ↑ (249°),10:50:18,−1:01,5:20 AM,6:50 PM,5:48 AM,6:23 PM,6:16 AM,5:55 PM,12:05 pm (45.0°),91.885
11,19,6:41 am ↑ (111°),5:30 pm ↑ (249°),10:49:18,−1:00,5:21 AM,6:50 PM,5:48 AM,6:23 PM,6:16 AM,5:55 PM,12:06 pm (44.7°),91.866
11,20,6:42 am ↑ (112°),5:30 pm ↑ (248°),10:48:18,−0:59,5:22 AM,6:50 PM,5:49 AM,6:22 PM,6:17 AM,5:54 PM,12:06 pm (44.5°),91.847
11,21,6:42 am ↑ (112°),5:30 pm ↑ (248°),10:47:20,−0:57,5:22 AM,6:50 PM,5:50 AM,6:22 PM,6:18 AM,5:54 PM,12:06 pm (44.3°),91.829
11,22,6:43 am ↑ (112°),5:29 pm ↑ (248°),10:46:24,−0:56,5:23 AM,6:50 PM,5:50 AM,6:22 PM,6:19 AM,5:54 PM,12:06 pm (44.1°),91.811
11,23,6:44 am ↑ (112°),5:29 pm ↑ (248°),10:45:29,−0:55,5:23 AM,6:50 PM,5:51 AM,6:22 PM,6:19 AM,5:54 PM,12:07 pm (43.9°),91.793
11,24,6:45 am ↑ (112°),5:29 pm ↑ (247°),10:44:35,−0:53,5:24 AM,6:50 PM,5:52 AM,6:22 PM,6:20 AM,5:54 PM,12:07 pm (43.7°),91.776
11,25,6:45 am ↑ (113°),5:29 pm ↑ (247°),10:43:43,−0:52,5:25 AM,6:50 PM,5:52 AM,6:22 PM,6:21 AM,5:54 PM,12:07 pm (43.5°),91.759
11,26,6:46 am ↑ (113°),5:29 pm ↑ (247°),10:42:52,−0:50,5:25 AM,6:50 PM,5:53 AM,6:22 PM,6:21 AM,5:54 PM,12:08 pm (43.3°),91.742
11,27,6:47 am ↑ (113°),5:29 pm ↑ (247°),10:42:03,−0:48,5:26 AM,6:50 PM,5:54 AM,6:22 PM,6:22 AM,5:54 PM,12:08 pm (43.1°),91.725
11,28,6:47 am ↑ (113°),5:29 pm ↑ (247°),10:41:16,−0:47,5:27 AM,6:50 PM,5:54 AM,6:22 PM,6:23 AM,5:53 PM,12:08 pm (42.9°),91.708
11,29,6:48 am ↑ (114°),5:29 pm ↑ (246°),10:40:30,−0:45,5:27 AM,6:50 PM,5:55 AM,6:22 PM,6:23 AM,5:54 PM,12:09 pm (42.7°),91.692
11,30,6:49 am ↑ (114°),5:29 pm ↑ (246°),10:39:46,−0:43,5:28 AM,6:50 PM,5:56 AM,6:22 PM,6:24 AM,5:54 PM,12:09 pm (42.6°),91.676
1,1,7:07 am ↑ (115°),5:41 pm ↑ (245°),10:33:53,+0:21,5:45 AM,7:03 PM,6:13 AM,6:35 PM,6:42 AM,6:06 PM,12:24 pm (41.3°),91.404
1,2,7:07 am ↑ (115°),5:41 pm ↑ (245°),10:34:17,+0:23,5:45 AM,7:03 PM,6:14 AM,6:35 PM,6:42 AM,6:07 PM,12:24 pm (41.4°),91.404
1,3,7:07 am ↑ (115°),5:42 pm ↑ (245°),10:34:43,+0:26,5:46 AM,7:04 PM,6:14 AM,6:36 PM,6:42 AM,6:07 PM,12:25 pm (41.4°),91.404
1,4,7:08 am ↑ (115°),5:43 pm ↑ (245°),10:35:11,+0:28,5:46 AM,7:05 PM,6:14 AM,6:36 PM,6:43 AM,6:08 PM,12:25 pm (41.5°),91.404
1,5,7:08 am ↑ (115°),5:44 pm ↑ (245°),10:35:41,+0:30,5:46 AM,7:05 PM,6:14 AM,6:37 PM,6:43 AM,6:09 PM,12:26 pm (41.7°),91.405
1,6,7:08 am ↑ (115°),5:44 pm ↑ (245°),10:36:13,+0:31,5:47 AM,7:06 PM,6:15 AM,6:38 PM,6:43 AM,6:09 PM,12:26 pm (41.8°),91.406
1,7,7:08 am ↑ (115°),5:45 pm ↑ (246°),10:36:47,+0:33,5:47 AM,7:06 PM,6:15 AM,6:38 PM,6:43 AM,6:10 PM,12:27 pm (41.9°),91.407
1,8,7:08 am ↑ (114°),5:46 pm ↑ (246°),10:37:23,+0:35,5:47 AM,7:07 PM,6:15 AM,6:39 PM,6:43 AM,6:11 PM,12:27 pm (42.0°),91.409
1,9,7:08 am ↑ (114°),5:46 pm ↑ (246°),10:38:01,+0:37,5:47 AM,7:08 PM,6:15 AM,6:40 PM,6:44 AM,6:11 PM,12:27 pm (42.2°),91.411
1,10,7:09 am ↑ (114°),5:47 pm ↑ (246°),10:38:40,+0:39,5:47 AM,7:08 PM,6:15 AM,6:40 PM,6:44 AM,6:12 PM,12:28 pm (42.3°),91.414
1,11,7:09 am ↑ (114°),5:48 pm ↑ (246°),10:39:22,+0:41,5:47 AM,7:09 PM,6:15 AM,6:41 PM,6:44 AM,6:13 PM,12:28 pm (42.5°),91.417
1,12,7:09 am ↑ (114°),5:49 pm ↑ (246°),10:40:05,+0:43,5:48 AM,7:10 PM,6:15 AM,6:42 PM,6:44 AM,6:14 PM,12:29 pm (42.6°),91.42
1,13,7:09 am ↑ (114°),5:49 pm ↑ (247°),10:40:50,+0:44,5:48 AM,7:10 PM,6:16 AM,6:43 PM,6:44 AM,6:14 PM,12:29 pm (42.8°),91.424
1,14,7:09 am ↑ (113°),5:50 pm ↑ (247°),10:41:36,+0:46,5:48 AM,7:11 PM,6:16 AM,6:43 PM,6:44 AM,6:15 PM,12:29 pm (43.0°),91.428
1,15,7:09 am ↑ (113°),5:51 pm ↑ (247°),10:42:25,+0:48,5:48 AM,7:12 PM,6:16 AM,6:44 PM,6:44 AM,6:16 PM,12:30 pm (43.2°),91.433
1,16,7:08 am ↑ (113°),5:52 pm ↑ (247°),10:43:15,+0:49,5:48 AM,7:12 PM,6:16 AM,6:45 PM,6:44 AM,6:16 PM,12:30 pm (43.4°),91.438
1,17,7:08 am ↑ (113°),5:53 pm ↑ (247°),10:44:06,+0:51,5:48 AM,7:13 PM,6:16 AM,6:45 PM,6:44 AM,6:17 PM,12:30 pm (43.5°),91.444
1,18,7:08 am ↑ (112°),5:53 pm ↑ (248°),10:44:59,+0:53,5:48 AM,7:14 PM,6:16 AM,6:46 PM,6:44 AM,6:18 PM,12:31 pm (43.7°),91.45
1,19,7:08 am ↑ (112°),5:54 pm ↑ (248°),10:45:54,+0:54,5:48 AM,7:14 PM,6:16 AM,6:47 PM,6:44 AM,6:19 PM,12:31 pm (44.0°),91.457
1,20,7:08 am ↑ (112°),5:55 pm ↑ (248°),10:46:50,+0:56,5:48 AM,7:15 PM,6:15 AM,6:47 PM,6:43 AM,6:19 PM,12:31 pm (44.2°),91.465
1,21,7:08 am ↑ (112°),5:56 pm ↑ (248°),10:47:48,+0:57,5:48 AM,7:16 PM,6:15 AM,6:48 PM,6:43 AM,6:20 PM,12:32 pm (44.4°),91.473
1,22,7:08 am ↑ (112°),5:56 pm ↑ (249°),10:48:47,+0:59,5:48 AM,7:16 PM,6:15 AM,6:49 PM,6:43 AM,6:21 PM,12:32 pm (44.6°),91.482
1,23,7:07 am ↑ (111°),5:57 pm ↑ (249°),10:49:48,+1:00,5:47 AM,7:17 PM,6:15 AM,6:49 PM,6:43 AM,6:22 PM,12:32 pm (44.9°),91.491
1,24,7:07 am ↑ (111°),5:58 pm ↑ (249°),10:50:50,+1:01,5:47 AM,7:18 PM,6:15 AM,6:50 PM,6:43 AM,6:22 PM,12:32 pm (45.1°),91.501
1,25,7:07 am ↑ (111°),5:59 pm ↑ (249°),10:51:53,+1:03,5:47 AM,7:18 PM,6:15 AM,6:51 PM,6:42 AM,6:23 PM,12:33 pm (45.3°),91.511
1,26,7:06 am ↑ (110°),5:59 pm ↑ (250°),10:52:57,+1:04,5:47 AM,7:19 PM,6:14 AM,6:51 PM,6:42 AM,6:24 PM,12:33 pm (45.6°),91.522
1,27,7:06 am ↑ (110°),6:00 pm ↑ (250°),10:54:03,+1:05,5:47 AM,7:20 PM,6:14 AM,6:52 PM,6:42 AM,6:24 PM,12:33 pm (45.8°),91.534
1,28,7:06 am ↑ (110°),6:01 pm ↑ (250°),10:55:10,+1:06,5:46 AM,7:20 PM,6:14 AM,6:53 PM,6:42 AM,6:25 PM,12:33 pm (46.1°),91.545
1,29,7:05 am ↑ (110°),6:02 pm ↑ (251°),10:56:18,+1:08,5:46 AM,7:21 PM,6:14 AM,6:53 PM,6:41 AM,6:26 PM,12:33 pm (46.4°),91.558
1,30,7:05 am ↑ (109°),6:02 pm ↑ (251°),10:57:27,+1:09,5:46 AM,7:21 PM,6:13 AM,6:54 PM,6:41 AM,6:27 PM,12:34 pm (46.6°),91.57
1,31,7:05 am ↑ (109°),6:03 pm ↑ (251°),10:58:38,+1:10,5:46 AM,7:22 PM,6:13 AM,6:55 PM,6:40 AM,6:27 PM,12:34 pm (46.9°),91.583
2,1,7:04 am ↑ (109°),6:04 pm ↑ (252°),10:59:49,+1:11,5:45 AM,7:23 PM,6:12 AM,6:55 PM,6:40 AM,6:28 PM,12:34 pm (47.2°),91.596
2,2,7:04 am ↑ (108°),6:05 pm ↑ (252°),11:01:02,+1:12,5:45 AM,7:23 PM,6:12 AM,6:56 PM,6:40 AM,6:29 PM,12:34 pm (47.5°),91.61
2,3,7:03 am ↑ (108°),6:05 pm ↑ (252°),11:02:15,+1:13,5:44 AM,7:24 PM,6:12 AM,6:57 PM,6:39 AM,6:29 PM,12:34 pm (47.8°),91.624
2,4,7:03 am ↑ (108°),6:06 pm ↑ (253°),11:03:30,+1:14,5:44 AM,7:25 PM,6:11 AM,6:57 PM,6:39 AM,6:30 PM,12:34 pm (48.1°),91.638
2,5,7:02 am ↑ (107°),6:07 pm ↑ (253°),11:04:45,+1:15,5:44 AM,7:25 PM,6:11 AM,6:58 PM,6:38 AM,6:31 PM,12:34 pm (48.4°),91.653
2,6,7:01 am ↑ (107°),6:07 pm ↑ (253°),11:06:01,+1:16,5:43 AM,7:26 PM,6:10 AM,6:59 PM,6:38 AM,6:31 PM,12:34 pm (48.7°),91.667
2,7,7:01 am ↑ (107°),6:08 pm ↑ (254°),11:07:18,+1:17,5:43 AM,7:26 PM,6:10 AM,6:59 PM,6:37 AM,6:32 PM,12:34 pm (49.0°),91.682
2,8,7:00 am ↑ (106°),6:09 pm ↑ (254°),11:08:36,+1:17,5:42 AM,7:27 PM,6:09 AM,7:00 PM,6:37 AM,6:33 PM,12:34 pm (49.3°),91.698
2,9,7:00 am ↑ (106°),6:10 pm ↑ (254°),11:09:55,+1:18,5:42 AM,7:28 PM,6:09 AM,7:01 PM,6:36 AM,6:33 PM,12:34 pm (49.6°),91.713
2,10,6:59 am ↑ (106°),6:10 pm ↑ (255°),11:11:14,+1:19,5:41 AM,7:28 PM,6:08 AM,7:01 PM,6:35 AM,6:34 PM,12:34 pm (50.0°),91.729
2,11,6:58 am ↑ (105°),6:11 pm ↑ (255°),11:12:34,+1:20,5:41 AM,7:29 PM,6:08 AM,7:02 PM,6:35 AM,6:35 PM,12:34 pm (50.3°),91.746
2,12,6:58 am ↑ (105°),6:12 pm ↑ (255°),11:13:55,+1:20,5:40 AM,7:29 PM,6:07 AM,7:02 PM,6:34 AM,6:35 PM,12:34 pm (50.6°),91.762
2,13,6:57 am ↑ (104°),6:12 pm ↑ (256°),11:15:17,+1:21,5:39 AM,7:30 PM,6:06 AM,7:03 PM,6:33 AM,6:36 PM,12:34 pm (51.0°),91.779
2,14,6:56 am ↑ (104°),6:13 pm ↑ (256°),11:16:39,+1:22,5:39 AM,7:30 PM,6:06 AM,7:04 PM,6:33 AM,6:36 PM,12:34 pm (51.3°),91.796
2,15,6:56 am ↑ (104°),6:14 pm ↑ (256°),11:18:02,+1:22,5:38 AM,7:31 PM,6:05 AM,7:04 PM,6:32 AM,6:37 PM,12:34 pm (51.6°),91.814
2,16,6:55 am ↑ (103°),6:14 pm ↑ (257°),11:19:25,+1:23,5:38 AM,7:32 PM,6:04 AM,7:05 PM,6:31 AM,6:38 PM,12:34 pm (52.0°),91.832
2,17,6:54 am ↑ (103°),6:15 pm ↑ (257°),11:20:49,+1:23,5:37 AM,7:32 PM,6:04 AM,7:05 PM,6:31 AM,6:38 PM,12:34 pm (52.3°),91.851
2,18,6:53 am ↑ (103°),6:15 pm ↑ (258°),11:22:14,+1:24,5:36 AM,7:33 PM,6:03 AM,7:06 PM,6:30 AM,6:39 PM,12:34 pm (52.7°),91.87
2,19,6:52 am ↑ (102°),6:16 pm ↑ (258°),11:23:39,+1:25,5:35 AM,7:33 PM,6:02 AM,7:06 PM,6:29 AM,6:39 PM,12:34 pm (53.0°),91.889
2,20,6:52 am ↑ (102°),6:17 pm ↑ (258°),11:25:04,+1:25,5:35 AM,7:34 PM,6:01 AM,7:07 PM,6:28 AM,6:40 PM,12:34 pm (53.4°),91.909
2,21,6:51 am ↑ (101°),6:17 pm ↑ (259°),11:26:30,+1:25,5:34 AM,7:34 PM,6:01 AM,7:07 PM,6:28 AM,6:41 PM,12:34 pm (53.8°),91.93
2,22,6:50 am ↑ (101°),6:18 pm ↑ (259°),11:27:57,+1:26,5:33 AM,7:35 PM,6:00 AM,7:08 PM,6:27 AM,6:41 PM,12:34 pm (54.1°),91.951
2,23,6:49 am ↑ (101°),6:18 pm ↑ (260°),11:29:24,+1:26,5:32 AM,7:35 PM,5:59 AM,7:09 PM,6:26 AM,6:42 PM,12:34 pm (54.5°),91.972
2,24,6:48 am ↑ (100°),6:19 pm ↑ (260°),11:30:51,+1:27,5:32 AM,7:36 PM,5:58 AM,7:09 PM,6:25 AM,6:42 PM,12:33 pm (54.9°),91.994
2,25,6:47 am ↑ (100°),6:20 pm ↑ (260°),11:32:18,+1:27,5:31 AM,7:36 PM,5:57 AM,7:10 PM,6:24 AM,6:43 PM,12:33 pm (55.2°),92.015
2,26,6:46 am ↑ (99°),6:20 pm ↑ (261°),11:33:46,+1:28,5:30 AM,7:37 PM,5:57 AM,7:10 PM,6:23 AM,6:43 PM,12:33 pm (55.6°),92.038
2,27,6:46 am ↑ (99°),6:21 pm ↑ (261°),11:35:15,+1:28,5:29 AM,7:37 PM,5:56 AM,7:11 PM,6:22 AM,6:44 PM,12:33 pm (56.0°),92.06
2,28,6:45 am ↑ (98°),6:21 pm ↑ (262°),11:36:43,+1:28,5:28 AM,7:38 PM,5:55 AM,7:11 PM,6:22 AM,6:44 PM,12:33 pm (56.4°),92.083
3,1,6:44 am ↑ (98°),6:22 pm ↑ (262°),11:38:12,+1:28,5:27 AM,7:38 PM,5:54 AM,7:12 PM,6:21 AM,6:45 PM,12:33 pm (56.7°),92.106
3,2,6:43 am ↑ (98°),6:22 pm ↑ (263°),11:39:42,+1:29,5:26 AM,7:39 PM,5:53 AM,7:12 PM,6:20 AM,6:46 PM,12:32 pm (57.1°),92.129
3,3,6:42 am ↑ (97°),6:23 pm ↑ (263°),11:41:11,+1:29,5:25 AM,7:39 PM,5:52 AM,7:13 PM,6:19 AM,6:46 PM,12:32 pm (57.5°),92.152
3,4,6:41 am ↑ (97°),6:24 pm ↑ (263°),11:42:41,+1:29,5:24 AM,7:40 PM,5:51 AM,7:13 PM,6:18 AM,6:47 PM,12:32 pm (57.9°),92.176
3,5,6:40 am ↑ (96°),6:24 pm ↑ (264°),11:44:11,+1:29,5:24 AM,7:40 PM,5:50 AM,7:14 PM,6:17 AM,6:47 PM,12:32 pm (58.3°),92.199
3,6,6:39 am ↑ (96°),6:25 pm ↑ (264°),11:45:41,+1:30,5:23 AM,7:41 PM,5:49 AM,7:14 PM,6:16 AM,6:48 PM,12:32 pm (58.7°),92.223
3,7,6:38 am ↑ (95°),6:25 pm ↑ (265°),11:47:12,+1:30,5:22 AM,7:41 PM,5:48 AM,7:15 PM,6:15 AM,6:48 PM,12:31 pm (59.0°),92.247
3,8,6:37 am ↑ (95°),6:26 pm ↑ (265°),11:48:42,+1:30,5:21 AM,7:42 PM,5:47 AM,7:15 PM,6:14 AM,6:49 PM,12:31 pm (59.4°),92.271
3,9,6:36 am ↑ (95°),6:26 pm ↑ (266°),11:50:13,+1:30,5:20 AM,7:42 PM,5:46 AM,7:16 PM,6:13 AM,6:49 PM,12:31 pm (59.8°),92.295
3,10,7:35 am ↑ (94°),7:27 pm ↑ (266°),11:51:44,+1:30,6:19 AM,8:43 PM,6:45 AM,8:16 PM,7:12 AM,7:50 PM,1:31 pm (60.2°),92.319
3,11,7:34 am ↑ (94°),7:27 pm ↑ (266°),11:53:15,+1:30,6:18 AM,8:43 PM,6:44 AM,8:17 PM,7:11 AM,7:50 PM,1:30 pm (60.6°),92.343
3,12,7:33 am ↑ (93°),7:28 pm ↑ (267°),11:54:46,+1:31,6:17 AM,8:44 PM,6:43 AM,8:17 PM,7:10 AM,7:51 PM,1:30 pm (61.0°),92.367
3,13,7:32 am ↑ (93°),7:28 pm ↑ (267°),11:56:17,+1:31,6:16 AM,8:44 PM,6:42 AM,8:18 PM,7:09 AM,7:51 PM,1:30 pm (61.4°),92.391
3,14,7:31 am ↑ (92°),7:29 pm ↑ (268°),11:57:48,+1:31,6:14 AM,8:45 PM,6:41 AM,8:18 PM,7:08 AM,7:52 PM,1:29 pm (61.8°),92.416
3,15,7:30 am ↑ (92°),7:29 pm ↑ (268°),11:59:19,+1:31,6:13 AM,8:45 PM,6:40 AM,8:19 PM,7:07 AM,7:52 PM,1:29 pm (62.2°),92.441
3,16,7:29 am ↑ (92°),7:30 pm ↑ (269°),12:00:51,+1:31,6:12 AM,8:46 PM,6:39 AM,8:19 PM,7:06 AM,7:53 PM,1:29 pm (62.6°),92.466
3,17,7:28 am ↑ (91°),7:30 pm ↑ (269°),12:02:22,+1:31,6:11 AM,8:47 PM,6:38 AM,8:20 PM,7:05 AM,7:53 PM,1:29 pm (63.0°),92.491
3,18,7:27 am ↑ (91°),7:31 pm ↑ (270°),12:03:54,+1:31,6:10 AM,8:47 PM,6:37 AM,8:20 PM,7:04 AM,7:53 PM,1:28 pm (63.4°),92.516
3,19,7:26 am ↑ (90°),7:31 pm ↑ (270°),12:05:25,+1:31,6:09 AM,8:48 PM,6:36 AM,8:21 PM,7:03 AM,7:54 PM,1:28 pm (63.8°),92.541
3,20,7:24 am ↑ (90°),7:31 pm ↑ (270°),12:06:57,+1:31,6:08 AM,8:48 PM,6:35 AM,8:21 PM,7:02 AM,7:54 PM,1:28 pm (64.2°),92.567
3,21,7:23 am ↑ (89°),7:32 pm ↑ (271°),12:08:28,+1:31,6:07 AM,8:49 PM,6:34 AM,8:22 PM,7:00 AM,7:55 PM,1:27 pm (64.6°),92.593
3,22,7:22 am ↑ (89°),7:32 pm ↑ (271°),12:09:59,+1:31,6:06 AM,8:49 PM,6:33 AM,8:22 PM,6:59 AM,7:55 PM,1:27 pm (64.9°),92.62
3,23,7:21 am ↑ (88°),7:33 pm ↑ (272°),12:11:31,+1:31,6:05 AM,8:50 PM,6:32 AM,8:23 PM,6:58 AM,7:56 PM,1:27 pm (65.3°),92.646
3,24,7:20 am ↑ (88°),7:33 pm ↑ (272°),12:13:02,+1:31,6:04 AM,8:50 PM,6:30 AM,8:23 PM,6:57 AM,7:56 PM,1:27 pm (65.7°),92.673
3,25,7:19 am ↑ (88°),7:34 pm ↑ (273°),12:14:33,+1:31,6:02 AM,8:51 PM,6:29 AM,8:24 PM,6:56 AM,7:57 PM,1:26 pm (66.1°),92.7
3,26,7:18 am ↑ (87°),7:34 pm ↑ (273°),12:16:05,+1:31,6:01 AM,8:51 PM,6:28 AM,8:24 PM,6:55 AM,7:57 PM,1:26 pm (66.5°),92.727
3,27,7:17 am ↑ (87°),7:35 pm ↑ (273°),12:17:36,+1:31,6:00 AM,8:52 PM,6:27 AM,8:25 PM,6:54 AM,7:58 PM,1:26 pm (66.9°),92.754
3,28,7:16 am ↑ (86°),7:35 pm ↑ (274°),12:19:07,+1:30,5:59 AM,8:52 PM,6:26 AM,8:25 PM,6:53 AM,7:58 PM,1:25 pm (67.3°),92.781
3,29,7:15 am ↑ (86°),7:36 pm ↑ (274°),12:20:37,+1:30,5:58 AM,8:53 PM,6:25 AM,8:26 PM,6:52 AM,7:59 PM,1:25 pm (67.7°),92.808
3,30,7:14 am ↑ (85°),7:36 pm ↑ (275°),12:22:08,+1:30,5:57 AM,8:53 PM,6:24 AM,8:26 PM,6:51 AM,7:59 PM,1:25 pm (68.1°),92.836
3,31,7:13 am ↑ (85°),7:36 pm ↑ (275°),12:23:39,+1:30,5:56 AM,8:54 PM,6:23 AM,8:27 PM,6:50 AM,8:00 PM,1:24 pm (68.5°),92.863
4,1,7:12 am ↑ (85°),7:37 pm ↑ (276°),12:25:09,+1:30,5:54 AM,8:54 PM,6:22 AM,8:27 PM,6:49 AM,8:00 PM,1:24 pm (68.9°),92.89
4,2,7:11 am ↑ (84°),7:37 pm ↑ (276°),12:26:39,+1:30,5:53 AM,8:55 PM,6:21 AM,8:28 PM,6:48 AM,8:01 PM,1:24 pm (69.2°),92.917
4,3,7:10 am ↑ (84°),7:38 pm ↑ (277°),12:28:10,+1:30,5:52 AM,8:56 PM,6:19 AM,8:28 PM,6:47 AM,8:01 PM,1:24 pm (69.6°),92.944
4,4,7:09 am ↑ (83°),7:38 pm ↑ (277°),12:29:39,+1:29,5:51 AM,8:56 PM,6:18 AM,8:29 PM,6:45 AM,8:02 PM,1:23 pm (70.0°),92.971
4,5,7:08 am ↑ (83°),7:39 pm ↑ (277°),12:31:09,+1:29,5:50 AM,8:57 PM,6:17 AM,8:29 PM,6:44 AM,8:02 PM,1:23 pm (70.4°),92.997
4,6,7:07 am ↑ (82°),7:39 pm ↑ (278°),12:32:38,+1:29,5:49 AM,8:57 PM,6:16 AM,8:30 PM,6:43 AM,8:02 PM,1:23 pm (70.8°),93.024
4,7,7:06 am ↑ (82°),7:40 pm ↑ (278°),12:34:08,+1:29,5:47 AM,8:58 PM,6:15 AM,8:30 PM,6:42 AM,8:03 PM,1:22 pm (71.1°),93.05
4,8,7:05 am ↑ (82°),7:40 pm ↑ (279°),12:35:36,+1:28,5:46 AM,8:59 PM,6:14 AM,8:31 PM,6:41 AM,8:03 PM,1:22 pm (71.5°),93.077
4,9,7:04 am ↑ (81°),7:41 pm ↑ (279°),12:37:05,+1:28,5:45 AM,8:59 PM,6:13 AM,8:31 PM,6:40 AM,8:04 PM,1:22 pm (71.9°),93.103
4,10,7:03 am ↑ (81°),7:41 pm ↑ (279°),12:38:33,+1:28,5:44 AM,9:00 PM,6:12 AM,8:32 PM,6:39 AM,8:04 PM,1:22 pm (72.3°),93.129
4,11,7:02 am ↑ (80°),7:42 pm ↑ (280°),12:40:01,+1:27,5:43 AM,9:00 PM,6:11 AM,8:32 PM,6:38 AM,8:05 PM,1:21 pm (72.6°),93.155
4,12,7:01 am ↑ (80°),7:42 pm ↑ (280°),12:41:29,+1:27,5:42 AM,9:01 PM,6:10 AM,8:33 PM,6:37 AM,8:05 PM,1:21 pm (73.0°),93.18
4,13,7:00 am ↑ (80°),7:43 pm ↑ (281°),12:42:56,+1:27,5:41 AM,9:02 PM,6:09 AM,8:34 PM,6:36 AM,8:06 PM,1:21 pm (73.4°),93.206
4,14,6:59 am ↑ (79°),7:43 pm ↑ (281°),12:44:23,+1:26,5:39 AM,9:02 PM,6:08 AM,8:34 PM,6:35 AM,8:06 PM,1:21 pm (73.7°),93.232
4,15,6:58 am ↑ (79°),7:43 pm ↑ (281°),12:45:49,+1:26,5:38 AM,9:03 PM,6:06 AM,8:35 PM,6:34 AM,8:07 PM,1:20 pm (74.1°),93.257
4,16,6:57 am ↑ (78°),7:44 pm ↑ (282°),12:47:15,+1:25,5:37 AM,9:04 PM,6:05 AM,8:35 PM,6:33 AM,8:08 PM,1:20 pm (74.4°),93.283
4,17,6:56 am ↑ (78°),7:44 pm ↑ (282°),12:48:41,+1:25,5:36 AM,9:04 PM,6:04 AM,8:36 PM,6:32 AM,8:08 PM,1:20 pm (74.8°),93.309
4,18,6:55 am ↑ (78°),7:45 pm ↑ (283°),12:50:06,+1:25,5:35 AM,9:05 PM,6:03 AM,8:36 PM,6:31 AM,8:09 PM,1:20 pm (75.1°),93.334
4,19,6:54 am ↑ (77°),7:45 pm ↑ (283°),12:51:31,+1:24,5:34 AM,9:06 PM,6:02 AM,8:37 PM,6:30 AM,8:09 PM,1:19 pm (75.5°),93.36
4,20,6:53 am ↑ (77°),7:46 pm ↑ (283°),12:52:55,+1:24,5:33 AM,9:06 PM,6:01 AM,8:38 PM,6:29 AM,8:10 PM,1:19 pm (75.8°),93.386
4,21,6:52 am ↑ (76°),7:46 pm ↑ (284°),12:54:18,+1:23,5:32 AM,9:07 PM,6:00 AM,8:38 PM,6:28 AM,8:10 PM,1:19 pm (76.2°),93.411
4,22,6:51 am ↑ (76°),7:47 pm ↑ (284°),12:55:41,+1:23,5:31 AM,9:08 PM,5:59 AM,8:39 PM,6:27 AM,8:11 PM,1:19 pm (76.5°),93.437
4,23,6:50 am ↑ (76°),7:47 pm ↑ (285°),12:57:04,+1:22,5:30 AM,9:08 PM,5:58 AM,8:39 PM,6:26 AM,8:11 PM,1:19 pm (76.8°),93.463
4,24,6:49 am ↑ (75°),7:48 pm ↑ (285°),12:58:26,+1:21,5:28 AM,9:09 PM,5:57 AM,8:40 PM,6:26 AM,8:12 PM,1:18 pm (77.2°),93.488
4,25,6:49 am ↑ (75°),7:48 pm ↑ (285°),12:59:47,+1:21,5:27 AM,9:10 PM,5:56 AM,8:41 PM,6:25 AM,8:12 PM,1:18 pm (77.5°),93.514
4,26,6:48 am ↑ (75°),7:49 pm ↑ (286°),13:01:08,+1:20,5:26 AM,9:10 PM,5:55 AM,8:41 PM,6:24 AM,8:13 PM,1:18 pm (77.8°),93.539
4,27,6:47 am ↑ (74°),7:49 pm ↑ (286°),13:02:28,+1:20,5:25 AM,9:11 PM,5:54 AM,8:42 PM,6:23 AM,8:13 PM,1:18 pm (78.1°),93.564
4,28,6:46 am ↑ (74°),7:50 pm ↑ (286°),13:03:47,+1:19,5:24 AM,9:12 PM,5:54 AM,8:42 PM,6:22 AM,8:14 PM,1:18 pm (78.4°),93.589
4,29,6:45 am ↑ (74°),7:50 pm ↑ (287°),13:05:06,+1:18,5:23 AM,9:13 PM,5:53 AM,8:43 PM,6:21 AM,8:15 PM,1:18 pm (78.8°),93.614
4,30,6:44 am ↑ (73°),7:51 pm ↑ (287°),13:06:24,+1:17,5:22 AM,9:13 PM,5:52 AM,8:44 PM,6:20 AM,8:15 PM,1:17 pm (79.1°),93.638
5,1,6:44 am ↑ (73°),7:51 pm ↑ (287°),13:07:41,+1:17,5:21 AM,9:14 PM,5:51 AM,8:44 PM,6:20 AM,8:16 PM,1:17 pm (79.4°),93.662
5,2,6:43 am ↑ (72°),7:52 pm ↑ (288°),13:08:57,+1:16,5:20 AM,9:15 PM,5:50 AM,8:45 PM,6:19 AM,8:16 PM,1:17 pm (79.7°),93.686
5,3,6:42 am ↑ (72°),7:52 pm ↑ (288°),13:10:13,+1:15,5:19 AM,9:15 PM,5:49 AM,8:46 PM,6:18 AM,8:17 PM,1:17 pm (80.0°),93.71
5,4,6:42 am ↑ (72°),7:53 pm ↑ (288°),13:11:28,+1:14,5:19 AM,9:16 PM,5:48 AM,8:46 PM,6:17 AM,8:17 PM,1:17 pm (80.3°),93.733
5,5,6:41 am ↑ (71°),7:54 pm ↑ (289°),13:12:42,+1:13,5:18 AM,9:17 PM,5:47 AM,8:47 PM,6:16 AM,8:18 PM,1:17 pm (80.5°),93.756
5,6,6:40 am ↑ (71°),7:54 pm ↑ (289°),13:13:54,+1:12,5:17 AM,9:18 PM,5:47 AM,8:48 PM,6:16 AM,8:19 PM,1:17 pm (80.8°),93.778
5,7,6:39 am ↑ (71°),7:55 pm ↑ (289°),13:15:06,+1:11,5:16 AM,9:18 PM,5:46 AM,8:48 PM,6:15 AM,8:19 PM,1:17 pm (81.1°),93.8
5,8,6:39 am ↑ (71°),7:55 pm ↑ (290°),13:16:17,+1:11,5:15 AM,9:19 PM,5:45 AM,8:49 PM,6:14 AM,8:20 PM,1:17 pm (81.4°),93.822
5,9,6:38 am ↑ (70°),7:56 pm ↑ (290°),13:17:28,+1:10,5:14 AM,9:20 PM,5:44 AM,8:50 PM,6:14 AM,8:20 PM,1:17 pm (81.6°),93.843
5,10,6:38 am ↑ (70°),7:56 pm ↑ (290°),13:18:37,+1:09,5:13 AM,9:21 PM,5:44 AM,8:50 PM,6:13 AM,8:21 PM,1:17 pm (81.9°),93.864
5,11,6:37 am ↑ (70°),7:57 pm ↑ (291°),13:19:45,+1:07,5:12 AM,9:21 PM,5:43 AM,8:51 PM,6:12 AM,8:21 PM,1:17 pm (82.2°),93.885
5,12,6:36 am ↑ (69°),7:57 pm ↑ (291°),13:20:51,+1:06,5:12 AM,9:22 PM,5:42 AM,8:52 PM,6:12 AM,8:22 PM,1:17 pm (82.4°),93.905
5,13,6:36 am ↑ (69°),7:58 pm ↑ (291°),13:21:57,+1:05,5:11 AM,9:23 PM,5:41 AM,8:52 PM,6:11 AM,8:23 PM,1:17 pm (82.7°),93.926
5,14,6:35 am ↑ (69°),7:58 pm ↑ (291°),13:23:02,+1:04,5:10 AM,9:24 PM,5:41 AM,8:53 PM,6:10 AM,8:23 PM,1:17 pm (82.9°),93.946
5,15,6:35 am ↑ (69°),7:59 pm ↑ (292°),13:24:05,+1:03,5:09 AM,9:24 PM,5:40 AM,8:54 PM,6:10 AM,8:24 PM,1:17 pm (83.1°),93.965
5,16,6:34 am ↑ (68°),7:59 pm ↑ (292°),13:25:07,+1:02,5:09 AM,9:25 PM,5:40 AM,8:54 PM,6:09 AM,8:24 PM,1:17 pm (83.4°),93.985
5,17,6:34 am ↑ (68°),8:00 pm ↑ (292°),13:26:08,+1:00,5:08 AM,9:26 PM,5:39 AM,8:55 PM,6:09 AM,8:25 PM,1:17 pm (83.6°),94.004
5,18,6:33 am ↑ (68°),8:00 pm ↑ (292°),13:27:08,+0:59,5:07 AM,9:27 PM,5:38 AM,8:55 PM,6:08 AM,8:26 PM,1:17 pm (83.8°),94.023
5,19,6:33 am ↑ (68°),8:01 pm ↑ (293°),13:28:06,+0:58,5:07 AM,9:27 PM,5:38 AM,8:56 PM,6:08 AM,8:26 PM,1:17 pm (84.0°),94.042
5,20,6:32 am ↑ (67°),8:01 pm ↑ (293°),13:29:03,+0:57,5:06 AM,9:28 PM,5:37 AM,8:57 PM,6:07 AM,8:27 PM,1:17 pm (84.2°),94.061
5,21,6:32 am ↑ (67°),8:02 pm ↑ (293°),13:29:59,+0:55,5:05 AM,9:29 PM,5:37 AM,8:57 PM,6:07 AM,8:27 PM,1:17 pm (84.5°),94.08
5,22,6:32 am ↑ (67°),8:03 pm ↑ (293°),13:30:53,+0:54,5:05 AM,9:30 PM,5:36 AM,8:58 PM,6:06 AM,8:28 PM,1:17 pm (84.7°),94.098
5,23,6:31 am ↑ (67°),8:03 pm ↑ (294°),13:31:46,+0:52,5:04 AM,9:30 PM,5:36 AM,8:59 PM,6:06 AM,8:28 PM,1:17 pm (84.8°),94.116
5,24,6:31 am ↑ (66°),8:04 pm ↑ (294°),13:32:37,+0:51,5:04 AM,9:31 PM,5:35 AM,8:59 PM,6:06 AM,8:29 PM,1:17 pm (85.0°),94.134
5,25,6:31 am ↑ (66°),8:04 pm ↑ (294°),13:33:27,+0:49,5:03 AM,9:32 PM,5:35 AM,9:00 PM,6:05 AM,8:29 PM,1:17 pm (85.2°),94.152
5,26,6:30 am ↑ (66°),8:05 pm ↑ (294°),13:34:16,+0:48,5:03 AM,9:32 PM,5:34 AM,9:01 PM,6:05 AM,8:30 PM,1:17 pm (85.4°),94.169
5,27,6:30 am ↑ (66°),8:05 pm ↑ (294°),13:35:03,+0:46,5:02 AM,9:33 PM,5:34 AM,9:01 PM,6:05 AM,8:31 PM,1:17 pm (85.6°),94.186
5,28,6:30 am ↑ (66°),8:06 pm ↑ (294°),13:35:48,+0:45,5:02 AM,9:34 PM,5:34 AM,9:02 PM,6:04 AM,8:31 PM,1:18 pm (85.7°),94.203
5,29,6:30 am ↑ (65°),8:06 pm ↑ (295°),13:36:32,+0:43,5:01 AM,9:34 PM,5:33 AM,9:02 PM,6:04 AM,8:32 PM,1:18 pm (85.9°),94.219
5,30,6:29 am ↑ (65°),8:07 pm ↑ (295°),13:37:14,+0:42,5:01 AM,9:35 PM,5:33 AM,9:03 PM,6:04 AM,8:32 PM,1:18 pm (86.0°),94.234
5,31,6:29 am ↑ (65°),8:07 pm ↑ (295°),13:37:54,+0:40,5:01 AM,9:36 PM,5:33 AM,9:03 PM,6:03 AM,8:33 PM,1:18 pm (86.2°),94.25
6,1,6:29 am ↑ (65°),8:07 pm ↑ (295°),13:38:33,+0:38,5:00 AM,9:36 PM,5:33 AM,9:04 PM,6:03 AM,8:33 PM,1:18 pm (86.3°),94.264
6,2,6:29 am ↑ (65°),8:08 pm ↑ (295°),13:39:10,+0:36,5:00 AM,9:37 PM,5:32 AM,9:05 PM,6:03 AM,8:34 PM,1:18 pm (86.4°),94.279
6,3,6:29 am ↑ (65°),8:08 pm ↑ (295°),13:39:45,+0:35,5:00 AM,9:37 PM,5:32 AM,9:05 PM,6:03 AM,8:34 PM,1:18 pm (86.6°),94.292
6,4,6:29 am ↑ (64°),8:09 pm ↑ (296°),13:40:18,+0:33,4:59 AM,9:38 PM,5:32 AM,9:06 PM,6:03 AM,8:35 PM,1:19 pm (86.7°),94.306
6,5,6:28 am ↑ (64°),8:09 pm ↑ (296°),13:40:50,+0:31,4:59 AM,9:39 PM,5:32 AM,9:06 PM,6:03 AM,8:35 PM,1:19 pm (86.8°),94.318
6,6,6:28 am ↑ (64°),8:10 pm ↑ (296°),13:41:20,+0:29,4:59 AM,9:39 PM,5:32 AM,9:07 PM,6:03 AM,8:36 PM,1:19 pm (86.9°),94.33
6,7,6:28 am ↑ (64°),8:10 pm ↑ (296°),13:41:48,+0:27,4:59 AM,9:40 PM,5:31 AM,9:07 PM,6:02 AM,8:36 PM,1:19 pm (87.0°),94.342
6,8,6:28 am ↑ (64°),8:11 pm ↑ (296°),13:42:14,+0:26,4:59 AM,9:40 PM,5:31 AM,9:08 PM,6:02 AM,8:36 PM,1:19 pm (87.1°),94.353
6,9,6:28 am ↑ (64°),8:11 pm ↑ (296°),13:42:38,+0:24,4:59 AM,9:41 PM,5:31 AM,9:08 PM,6:02 AM,8:37 PM,1:20 pm (87.2°),94.364
6,10,6:28 am ↑ (64°),8:11 pm ↑ (296°),13:43:00,+0:22,4:59 AM,9:41 PM,5:31 AM,9:08 PM,6:02 AM,8:37 PM,1:20 pm (87.3°),94.374
6,11,6:28 am ↑ (64°),8:12 pm ↑ (296°),13:43:21,+0:20,4:58 AM,9:42 PM,5:31 AM,9:09 PM,6:02 AM,8:38 PM,1:20 pm (87.3°),94.384
6,12,6:28 am ↑ (64°),8:12 pm ↑ (296°),13:43:39,+0:18,4:58 AM,9:42 PM,5:31 AM,9:09 PM,6:02 AM,8:38 PM,1:20 pm (87.4°),94.394
6,13,6:28 am ↑ (64°),8:12 pm ↑ (296°),13:43:56,+0:16,4:58 AM,9:42 PM,5:31 AM,9:10 PM,6:02 AM,8:38 PM,1:20 pm (87.4°),94.403
6,14,6:29 am ↑ (64°),8:13 pm ↑ (296°),13:44:11,+0:14,4:58 AM,9:43 PM,5:31 AM,9:10 PM,6:03 AM,8:39 PM,1:21 pm (87.5°),94.412
6,15,6:29 am ↑ (63°),8:13 pm ↑ (297°),13:44:23,+0:12,4:58 AM,9:43 PM,5:31 AM,9:10 PM,6:03 AM,8:39 PM,1:21 pm (87.5°),94.421
6,16,6:29 am ↑ (63°),8:13 pm ↑ (297°),13:44:34,+0:10,4:59 AM,9:44 PM,5:31 AM,9:11 PM,6:03 AM,8:39 PM,1:21 pm (87.6°),94.429
6,17,6:29 am ↑ (63°),8:14 pm ↑ (297°),13:44:43,+0:08,4:59 AM,9:44 PM,5:32 AM,9:11 PM,6:03 AM,8:40 PM,1:21 pm (87.6°),94.437
6,18,6:29 am ↑ (63°),8:14 pm ↑ (297°),13:44:49,+0:06,4:59 AM,9:44 PM,5:32 AM,9:11 PM,6:03 AM,8:40 PM,1:21 pm (87.6°),94.445
6,19,6:29 am ↑ (63°),8:14 pm ↑ (297°),13:44:54,+0:04,4:59 AM,9:44 PM,5:32 AM,9:11 PM,6:03 AM,8:40 PM,1:22 pm (87.6°),94.452
6,20,6:29 am ↑ (63°),8:14 pm ↑ (297°),13:44:57,+0:02,4:59 AM,9:45 PM,5:32 AM,9:12 PM,6:03 AM,8:40 PM,1:22 pm (87.7°),94.459
6,21,6:30 am ↑ (63°),8:15 pm ↑ (297°),13:44:58,< 1s,4:59 AM,9:45 PM,5:32 AM,9:12 PM,6:04 AM,8:41 PM,1:22 pm (87.7°),94.466
6,22,6:30 am ↑ (63°),8:15 pm ↑ (297°),13:44:57,−0:01,4:59 AM,9:45 PM,5:32 AM,9:12 PM,6:04 AM,8:41 PM,1:22 pm (87.7°),94.472
6,23,6:30 am ↑ (63°),8:15 pm ↑ (297°),13:44:54,−0:03,5:00 AM,9:45 PM,5:33 AM,9:12 PM,6:04 AM,8:41 PM,1:22 pm (87.6°),94.478
6,24,6:30 am ↑ (63°),8:15 pm ↑ (297°),13:44:49,−0:05,5:00 AM,9:45 PM,5:33 AM,9:12 PM,6:04 AM,8:41 PM,1:23 pm (87.6°),94.484
6,25,6:31 am ↑ (63°),8:15 pm ↑ (297°),13:44:42,−0:07,5:00 AM,9:45 PM,5:33 AM,9:13 PM,6:05 AM,8:41 PM,1:23 pm (87.6°),94.489
6,26,6:31 am ↑ (63°),8:15 pm ↑ (297°),13:44:32,−0:09,5:01 AM,9:46 PM,5:34 AM,9:13 PM,6:05 AM,8:41 PM,1:23 pm (87.6°),94.494
6,27,6:31 am ↑ (63°),8:16 pm ↑ (297°),13:44:21,−0:11,5:01 AM,9:46 PM,5:34 AM,9:13 PM,6:05 AM,8:42 PM,1:23 pm (87.5°),94.498
6,28,6:31 am ↑ (64°),8:16 pm ↑ (296°),13:44:08,−0:12,5:01 AM,9:46 PM,5:34 AM,9:13 PM,6:05 AM,8:42 PM,1:24 pm (87.5°),94.502
6,29,6:32 am ↑ (64°),8:16 pm ↑ (296°),13:43:54,−0:14,5:02 AM,9:46 PM,5:35 AM,9:13 PM,6:06 AM,8:42 PM,1:24 pm (87.4°),94.505
6,30,6:32 am ↑ (64°),8:16 pm ↑ (296°),13:43:37,−0:16,5:02 AM,9:46 PM,5:35 AM,9:13 PM,6:06 AM,8:42 PM,1:24 pm (87.4°),94.508
7,1,6:32 am ↑ (64°),8:16 pm ↑ (296°),13:43:18,−0:18,5:03 AM,9:46 PM,5:35 AM,9:13 PM,6:06 AM,8:42 PM,1:24 pm (87.3°),94.51
7,2,6:33 am ↑ (64°),8:16 pm ↑ (296°),13:42:57,−0:20,5:03 AM,9:46 PM,5:36 AM,9:13 PM,6:07 AM,8:42 PM,1:24 pm (87.2°),94.512
7,3,6:33 am ↑ (64°),8:16 pm ↑ (296°),13:42:35,−0:22,5:03 AM,9:45 PM,5:36 AM,9:13 PM,6:07 AM,8:42 PM,1:25 pm (87.2°),94.513
7,4,6:34 am ↑ (64°),8:16 pm ↑ (296°),13:42:10,−0:24,5:04 AM,9:45 PM,5:37 AM,9:13 PM,6:08 AM,8:42 PM,1:25 pm (87.1°),94.513
7,5,6:34 am ↑ (64°),8:16 pm ↑ (296°),13:41:44,−0:26,5:04 AM,9:45 PM,5:37 AM,9:13 PM,6:08 AM,8:42 PM,1:25 pm (87.0°),94.513
7,6,6:34 am ↑ (64°),8:16 pm ↑ (296°),13:41:16,−0:28,5:05 AM,9:45 PM,5:37 AM,9:12 PM,6:09 AM,8:41 PM,1:25 pm (86.9°),94.512
7,7,6:35 am ↑ (64°),8:16 pm ↑ (296°),13:40:46,−0:29,5:05 AM,9:45 PM,5:38 AM,9:12 PM,6:09 AM,8:41 PM,1:25 pm (86.8°),94.511
7,8,6:35 am ↑ (64°),8:15 pm ↑ (295°),13:40:14,−0:31,5:06 AM,9:44 PM,5:38 AM,9:12 PM,6:09 AM,8:41 PM,1:25 pm (86.7°),94.509
7,9,6:36 am ↑ (65°),8:15 pm ↑ (295°),13:39:41,−0:33,5:07 AM,9:44 PM,5:39 AM,9:12 PM,6:10 AM,8:41 PM,1:26 pm (86.6°),94.507
7,10,6:36 am ↑ (65°),8:15 pm ↑ (295°),13:39:06,−0:35,5:07 AM,9:44 PM,5:39 AM,9:12 PM,6:10 AM,8:41 PM,1:26 pm (86.4°),94.504
7,11,6:36 am ↑ (65°),8:15 pm ↑ (295°),13:38:29,−0:36,5:08 AM,9:44 PM,5:40 AM,9:11 PM,6:11 AM,8:41 PM,1:26 pm (86.3°),94.501
7,12,6:37 am ↑ (65°),8:15 pm ↑ (295°),13:37:50,−0:38,5:08 AM,9:43 PM,5:41 AM,9:11 PM,6:11 AM,8:40 PM,1:26 pm (86.2°),94.498
7,13,6:37 am ↑ (65°),8:15 pm ↑ (295°),13:37:10,−0:40,5:09 AM,9:43 PM,5:41 AM,9:11 PM,6:12 AM,8:40 PM,1:26 pm (86.0°),94.494
7,14,6:38 am ↑ (65°),8:14 pm ↑ (295°),13:36:28,−0:41,5:10 AM,9:42 PM,5:42 AM,9:10 PM,6:12 AM,8:40 PM,1:26 pm (85.9°),94.49
7,15,6:38 am ↑ (66°),8:14 pm ↑ (294°),13:35:44,−0:43,5:10 AM,9:42 PM,5:42 AM,9:10 PM,6:13 AM,8:40 PM,1:26 pm (85.7°),94.485
7,16,6:39 am ↑ (66°),8:14 pm ↑ (294°),13:34:59,−0:45,5:11 AM,9:42 PM,5:43 AM,9:10 PM,6:13 AM,8:39 PM,1:26 pm (85.5°),94.481
7,17,6:39 am ↑ (66°),8:13 pm ↑ (294°),13:34:13,−0:46,5:11 AM,9:41 PM,5:43 AM,9:09 PM,6:14 AM,8:39 PM,1:26 pm (85.4°),94.476
7,18,6:40 am ↑ (66°),8:13 pm ↑ (294°),13:33:24,−0:48,5:12 AM,9:41 PM,5:44 AM,9:09 PM,6:14 AM,8:39 PM,1:27 pm (85.2°),94.47
7,19,6:40 am ↑ (66°),8:13 pm ↑ (294°),13:32:35,−0:49,5:13 AM,9:40 PM,5:44 AM,9:08 PM,6:15 AM,8:38 PM,1:27 pm (85.0°),94.464
7,20,6:41 am ↑ (66°),8:12 pm ↑ (293°),13:31:44,−0:51,5:13 AM,9:39 PM,5:45 AM,9:08 PM,6:15 AM,8:38 PM,1:27 pm (84.8°),94.458
7,21,6:41 am ↑ (67°),8:12 pm ↑ (293°),13:30:51,−0:52,5:14 AM,9:39 PM,5:46 AM,9:07 PM,6:16 AM,8:37 PM,1:27 pm (84.7°),94.452
7,22,6:42 am ↑ (67°),8:12 pm ↑ (293°),13:29:57,−0:53,5:15 AM,9:38 PM,5:46 AM,9:07 PM,6:16 AM,8:37 PM,1:27 pm (84.5°),94.445
7,23,6:42 am ↑ (67°),8:11 pm ↑ (293°),13:29:02,−0:55,5:15 AM,9:38 PM,5:47 AM,9:06 PM,6:17 AM,8:36 PM,1:27 pm (84.3°),94.438
7,24,6:43 am ↑ (67°),8:11 pm ↑ (292°),13:28:05,−0:56,5:16 AM,9:37 PM,5:47 AM,9:06 PM,6:17 AM,8:36 PM,1:27 pm (84.0°),94.43
7,25,6:43 am ↑ (68°),8:10 pm ↑ (292°),13:27:08,−0:57,5:17 AM,9:36 PM,5:48 AM,9:05 PM,6:18 AM,8:35 PM,1:27 pm (83.8°),94.422
7,26,6:44 am ↑ (68°),8:10 pm ↑ (292°),13:26:08,−0:59,5:18 AM,9:36 PM,5:49 AM,9:05 PM,6:19 AM,8:35 PM,1:27 pm (83.6°),94.414
7,27,6:44 am ↑ (68°),8:09 pm ↑ (292°),13:25:08,−1:00,5:18 AM,9:35 PM,5:49 AM,9:04 PM,6:19 AM,8:34 PM,1:27 pm (83.4°),94.405
7,28,6:45 am ↑ (68°),8:09 pm ↑ (291°),13:24:06,−1:01,5:19 AM,9:34 PM,5:50 AM,9:03 PM,6:20 AM,8:34 PM,1:27 pm (83.2°),94.396
7,29,6:45 am ↑ (69°),8:08 pm ↑ (291°),13:23:03,−1:02,5:20 AM,9:33 PM,5:50 AM,9:03 PM,6:20 AM,8:33 PM,1:27 pm (82.9°),94.386
7,30,6:46 am ↑ (69°),8:08 pm ↑ (291°),13:21:59,−1:03,5:20 AM,9:33 PM,5:51 AM,9:02 PM,6:21 AM,8:32 PM,1:27 pm (82.7°),94.376
7,31,6:46 am ↑ (69°),8:07 pm ↑ (291°),13:20:54,−1:05,5:21 AM,9:32 PM,5:52 AM,9:01 PM,6:21 AM,8:32 PM,1:27 pm (82.4°),94.365
8,1,6:47 am ↑ (69°),8:06 pm ↑ (290°),13:19:48,−1:06,5:22 AM,9:31 PM,5:52 AM,9:00 PM,6:22 AM,8:31 PM,1:27 pm (82.2°),94.353
8,2,6:47 am ↑ (70°),8:06 pm ↑ (290°),13:18:41,−1:07,5:23 AM,9:30 PM,5:53 AM,9:00 PM,6:22 AM,8:30 PM,1:27 pm (81.9°),94.341
8,3,6:48 am ↑ (70°),8:05 pm ↑ (290°),13:17:33,−1:08,5:23 AM,9:29 PM,5:54 AM,8:59 PM,6:23 AM,8:30 PM,1:26 pm (81.7°),94.329
8,4,6:48 am ↑ (70°),8:04 pm ↑ (289°),13:16:23,−1:09,5:24 AM,9:28 PM,5:54 AM,8:58 PM,6:23 AM,8:29 PM,1:26 pm (81.4°),94.315
8,5,6:49 am ↑ (71°),8:04 pm ↑ (289°),13:15:13,−1:10,5:25 AM,9:27 PM,5:55 AM,8:57 PM,6:24 AM,8:28 PM,1:26 pm (81.1°),94.302
8,6,6:49 am ↑ (71°),8:03 pm ↑ (289°),13:14:02,−1:11,5:25 AM,9:27 PM,5:55 AM,8:57 PM,6:24 AM,8:28 PM,1:26 pm (80.9°),94.288
8,7,6:49 am ↑ (71°),8:02 pm ↑ (289°),13:12:50,−1:12,5:26 AM,9:26 PM,5:56 AM,8:56 PM,6:25 AM,8:27 PM,1:26 pm (80.6°),94.273
8,8,6:50 am ↑ (72°),8:02 pm ↑ (288°),13:11:37,−1:12,5:27 AM,9:25 PM,5:57 AM,8:55 PM,6:26 AM,8:26 PM,1:26 pm (80.3°),94.259
8,9,6:50 am ↑ (72°),8:01 pm ↑ (288°),13:10:23,−1:13,5:27 AM,9:24 PM,5:57 AM,8:54 PM,6:26 AM,8:25 PM,1:26 pm (80.0°),94.243
8,10,6:51 am ↑ (72°),8:00 pm ↑ (288°),13:09:09,−1:14,5:28 AM,9:23 PM,5:58 AM,8:53 PM,6:27 AM,8:24 PM,1:26 pm (79.7°),94.228
8,11,6:51 am ↑ (73°),7:59 pm ↑ (287°),13:07:53,−1:15,5:29 AM,9:22 PM,5:58 AM,8:52 PM,6:27 AM,8:23 PM,1:25 pm (79.4°),94.212
8,12,6:52 am ↑ (73°),7:58 pm ↑ (287°),13:06:37,−1:16,5:29 AM,9:21 PM,5:59 AM,8:51 PM,6:28 AM,8:23 PM,1:25 pm (79.1°),94.196
8,13,6:52 am ↑ (73°),7:58 pm ↑ (287°),13:05:21,−1:16,5:30 AM,9:20 PM,6:00 AM,8:50 PM,6:28 AM,8:22 PM,1:25 pm (78.8°),94.18
8,14,6:53 am ↑ (74°),7:57 pm ↑ (286°),13:04:03,−1:17,5:31 AM,9:19 PM,6:00 AM,8:49 PM,6:29 AM,8:21 PM,1:25 pm (78.5°),94.163
8,15,6:53 am ↑ (74°),7:56 pm ↑ (286°),13:02:45,−1:18,5:31 AM,9:18 PM,6:01 AM,8:48 PM,6:29 AM,8:20 PM,1:25 pm (78.2°),94.146
8,16,6:54 am ↑ (74°),7:55 pm ↑ (286°),13:01:26,−1:18,5:32 AM,9:16 PM,6:01 AM,8:47 PM,6:30 AM,8:19 PM,1:25 pm (77.9°),94.129
8,17,6:54 am ↑ (75°),7:54 pm ↑ (285°),13:00:06,−1:19,5:33 AM,9:15 PM,6:02 AM,8:46 PM,6:30 AM,8:18 PM,1:24 pm (77.6°),94.112
8,18,6:55 am ↑ (75°),7:53 pm ↑ (285°),12:58:46,−1:20,5:33 AM,9:14 PM,6:02 AM,8:45 PM,6:31 AM,8:17 PM,1:24 pm (77.3°),94.095
8,19,6:55 am ↑ (75°),7:52 pm ↑ (284°),12:57:25,−1:20,5:34 AM,9:13 PM,6:03 AM,8:44 PM,6:31 AM,8:16 PM,1:24 pm (76.9°),94.077
8,20,6:55 am ↑ (76°),7:52 pm ↑ (284°),12:56:04,−1:21,5:35 AM,9:12 PM,6:03 AM,8:43 PM,6:32 AM,8:15 PM,1:24 pm (76.6°),94.059
8,21,6:56 am ↑ (76°),7:51 pm ↑ (284°),12:54:42,−1:21,5:35 AM,9:11 PM,6:04 AM,8:42 PM,6:32 AM,8:14 PM,1:23 pm (76.3°),94.041
8,22,6:56 am ↑ (76°),7:50 pm ↑ (283°),12:53:20,−1:22,5:36 AM,9:10 PM,6:05 AM,8:41 PM,6:33 AM,8:13 PM,1:23 pm (75.9°),94.022
8,23,6:57 am ↑ (77°),7:49 pm ↑ (283°),12:51:57,−1:22,5:36 AM,9:09 PM,6:05 AM,8:40 PM,6:33 AM,8:12 PM,1:23 pm (75.6°),94.003
8,24,6:57 am ↑ (77°),7:48 pm ↑ (283°),12:50:34,−1:23,5:37 AM,9:08 PM,6:06 AM,8:39 PM,6:33 AM,8:11 PM,1:23 pm (75.3°),93.984
8,25,6:58 am ↑ (78°),7:47 pm ↑ (282°),12:49:10,−1:23,5:38 AM,9:06 PM,6:06 AM,8:38 PM,6:34 AM,8:10 PM,1:22 pm (74.9°),93.965
8,26,6:58 am ↑ (78°),7:46 pm ↑ (282°),12:47:46,−1:24,5:38 AM,9:05 PM,6:07 AM,8:37 PM,6:34 AM,8:09 PM,1:22 pm (74.6°),93.945
8,27,6:58 am ↑ (78°),7:45 pm ↑ (281°),12:46:21,−1:24,5:39 AM,9:04 PM,6:07 AM,8:36 PM,6:35 AM,8:08 PM,1:22 pm (74.2°),93.925
8,28,6:59 am ↑ (79°),7:44 pm ↑ (281°),12:44:56,−1:25,5:39 AM,9:03 PM,6:08 AM,8:35 PM,6:35 AM,8:07 PM,1:22 pm (73.9°),93.904
8,29,6:59 am ↑ (79°),7:43 pm ↑ (281°),12:43:30,−1:25,5:40 AM,9:02 PM,6:08 AM,8:34 PM,6:36 AM,8:06 PM,1:21 pm (73.5°),93.883
8,30,7:00 am ↑ (80°),7:42 pm ↑ (280°),12:42:05,−1:25,5:41 AM,9:01 PM,6:09 AM,8:33 PM,6:36 AM,8:05 PM,1:21 pm (73.2°),93.862
8,31,7:00 am ↑ (80°),7:41 pm ↑ (280°),12:40:38,−1:26,5:41 AM,8:59 PM,6:09 AM,8:32 PM,6:37 AM,8:04 PM,1:21 pm (72.8°),93.84
9,1,7:00 am ↑ (80°),7:40 pm ↑ (279°),12:39:12,−1:26,5:42 AM,8:58 PM,6:10 AM,8:30 PM,6:37 AM,8:03 PM,1:20 pm (72.4°),93.818
9,2,7:01 am ↑ (81°),7:39 pm ↑ (279°),12:37:45,−1:26,5:42 AM,8:57 PM,6:10 AM,8:29 PM,6:38 AM,8:02 PM,1:20 pm (72.1°),93.795
9,3,7:01 am ↑ (81°),7:38 pm ↑ (279°),12:36:18,−1:27,5:43 AM,8:56 PM,6:11 AM,8:28 PM,6:38 AM,8:01 PM,1:20 pm (71.7°),93.772
9,4,7:02 am ↑ (82°),7:37 pm ↑ (278°),12:34:50,−1:27,5:43 AM,8:55 PM,6:11 AM,8:27 PM,6:38 AM,8:00 PM,1:19 pm (71.3°),93.749
9,5,7:02 am ↑ (82°),7:35 pm ↑ (278°),12:33:23,−1:27,5:44 AM,8:54 PM,6:12 AM,8:26 PM,6:39 AM,7:59 PM,1:19 pm (71.0°),93.726
9,6,7:02 am ↑ (82°),7:34 pm ↑ (277°),12:31:55,−1:27,5:44 AM,8:52 PM,6:12 AM,8:25 PM,6:39 AM,7:58 PM,1:19 pm (70.6°),93.702
9,7,7:03 am ↑ (83°),7:33 pm ↑ (277°),12:30:27,−1:28,5:45 AM,8:51 PM,6:12 AM,8:24 PM,6:40 AM,7:57 PM,1:18 pm (70.2°),93.678
9,8,7:03 am ↑ (83°),7:32 pm ↑ (277°),12:28:58,−1:28,5:45 AM,8:50 PM,6:13 AM,8:23 PM,6:40 AM,7:55 PM,1:18 pm (69.8°),93.654
9,9,7:04 am ↑ (84°),7:31 pm ↑ (276°),12:27:30,−1:28,5:46 AM,8:49 PM,6:13 AM,8:21 PM,6:41 AM,7:54 PM,1:18 pm (69.5°),93.629
9,10,7:04 am ↑ (84°),7:30 pm ↑ (276°),12:26:01,−1:28,5:46 AM,8:48 PM,6:14 AM,8:20 PM,6:41 AM,7:53 PM,1:17 pm (69.1°),93.605
9,11,7:04 am ↑ (85°),7:29 pm ↑ (275°),12:24:32,−1:28,5:47 AM,8:46 PM,6:14 AM,8:19 PM,6:41 AM,7:52 PM,1:17 pm (68.7°),93.58
9,12,7:05 am ↑ (85°),7:28 pm ↑ (275°),12:23:03,−1:29,5:47 AM,8:45 PM,6:15 AM,8:18 PM,6:42 AM,7:51 PM,1:17 pm (68.3°),93.556
9,13,7:05 am ↑ (85°),7:27 pm ↑ (274°),12:21:34,−1:29,5:48 AM,8:44 PM,6:15 AM,8:17 PM,6:42 AM,7:50 PM,1:16 pm (67.9°),93.531
9,14,7:06 am ↑ (86°),7:26 pm ↑ (274°),12:20:04,−1:29,5:48 AM,8:43 PM,6:16 AM,8:16 PM,6:43 AM,7:49 PM,1:16 pm (67.6°),93.506
9,15,7:06 am ↑ (86°),7:25 pm ↑ (274°),12:18:35,−1:29,5:49 AM,8:42 PM,6:16 AM,8:14 PM,6:43 AM,7:48 PM,1:15 pm (67.2°),93.481
9,16,7:06 am ↑ (87°),7:23 pm ↑ (273°),12:17:05,−1:29,5:49 AM,8:40 PM,6:16 AM,8:13 PM,6:43 AM,7:46 PM,1:15 pm (66.8°),93.456
9,17,7:07 am ↑ (87°),7:22 pm ↑ (273°),12:15:35,−1:29,5:50 AM,8:39 PM,6:17 AM,8:12 PM,6:44 AM,7:45 PM,1:15 pm (66.4°),93.432
9,18,7:07 am ↑ (88°),7:21 pm ↑ (272°),12:14:06,−1:29,5:50 AM,8:38 PM,6:17 AM,8:11 PM,6:44 AM,7:44 PM,1:14 pm (66.0°),93.407
9,19,7:08 am ↑ (88°),7:20 pm ↑ (272°),12:12:36,−1:29,5:51 AM,8:37 PM,6:18 AM,8:10 PM,6:45 AM,7:43 PM,1:14 pm (65.6°),93.382
9,20,7:08 am ↑ (88°),7:19 pm ↑ (271°),12:11:06,−1:29,5:51 AM,8:36 PM,6:18 AM,8:09 PM,6:45 AM,7:42 PM,1:14 pm (65.2°),93.356
9,21,7:08 am ↑ (89°),7:18 pm ↑ (271°),12:09:36,−1:29,5:52 AM,8:35 PM,6:19 AM,8:08 PM,6:45 AM,7:41 PM,1:13 pm (64.9°),93.331
9,22,7:09 am ↑ (89°),7:17 pm ↑ (271°),12:08:06,−1:30,5:52 AM,8:33 PM,6:19 AM,8:07 PM,6:46 AM,7:40 PM,1:13 pm (64.5°),93.306
9,23,7:09 am ↑ (90°),7:16 pm ↑ (270°),12:06:36,−1:30,5:53 AM,8:32 PM,6:19 AM,8:05 PM,6:46 AM,7:39 PM,1:13 pm (64.1°),93.28
9,24,7:10 am ↑ (90°),7:15 pm ↑ (270°),12:05:06,−1:30,5:53 AM,8:31 PM,6:20 AM,8:04 PM,6:47 AM,7:38 PM,1:12 pm (63.7°),93.255
9,25,7:10 am ↑ (91°),7:14 pm ↑ (269°),12:03:36,−1:30,5:53 AM,8:30 PM,6:20 AM,8:03 PM,6:47 AM,7:36 PM,1:12 pm (63.3°),93.229
9,26,7:10 am ↑ (91°),7:12 pm ↑ (269°),12:02:05,−1:30,5:54 AM,8:29 PM,6:21 AM,8:02 PM,6:47 AM,7:35 PM,1:12 pm (62.9°),93.203
9,27,7:11 am ↑ (91°),7:11 pm ↑ (268°),12:00:35,−1:30,5:54 AM,8:28 PM,6:21 AM,8:01 PM,6:48 AM,7:34 PM,1:11 pm (62.5°),93.177
9,28,7:11 am ↑ (92°),7:10 pm ↑ (268°),11:59:05,−1:30,5:55 AM,8:27 PM,6:22 AM,8:00 PM,6:48 AM,7:33 PM,1:11 pm (62.1°),93.151
9,29,7:12 am ↑ (92°),7:09 pm ↑ (268°),11:57:35,−1:29,5:55 AM,8:26 PM,6:22 AM,7:59 PM,6:49 AM,7:32 PM,1:11 pm (61.7°),93.124
9,30,7:12 am ↑ (93°),7:08 pm ↑ (267°),11:56:05,−1:29,5:56 AM,8:24 PM,6:22 AM,7:58 PM,6:49 AM,7:31 PM,1:10 pm (61.4°),93.097
10,1,7:12 am ↑ (93°),7:07 pm ↑ (267°),11:54:36,−1:29,5:56 AM,8:23 PM,6:23 AM,7:57 PM,6:49 AM,7:30 PM,1:10 pm (61.0°),93.07
10,2,7:13 am ↑ (94°),7:06 pm ↑ (266°),11:53:06,−1:29,5:57 AM,8:22 PM,6:23 AM,7:56 PM,6:50 AM,7:29 PM,1:10 pm (60.6°),93.043
10,3,7:13 am ↑ (94°),7:05 pm ↑ (266°),11:51:36,−1:29,5:57 AM,8:21 PM,6:24 AM,7:55 PM,6:50 AM,7:28 PM,1:09 pm (60.2°),93.016
10,4,7:14 am ↑ (94°),7:04 pm ↑ (265°),11:50:07,−1:29,5:57 AM,8:20 PM,6:24 AM,7:53 PM,6:51 AM,7:27 PM,1:09 pm (59.8°),92.989
10,5,7:14 am ↑ (95°),7:03 pm ↑ (265°),11:48:37,−1:29,5:58 AM,8:19 PM,6:25 AM,7:52 PM,6:51 AM,7:26 PM,1:09 pm (59.4°),92.961
10,6,7:15 am ↑ (95°),7:02 pm ↑ (265°),11:47:08,−1:29,5:58 AM,8:18 PM,6:25 AM,7:51 PM,6:52 AM,7:25 PM,1:08 pm (59.0°),92.934
10,7,7:15 am ↑ (96°),7:01 pm ↑ (264°),11:45:39,−1:29,5:59 AM,8:17 PM,6:25 AM,7:50 PM,6:52 AM,7:24 PM,1:08 pm (58.7°),92.906
10,8,7:16 am ↑ (96°),7:00 pm ↑ (264°),11:44:10,−1:28,5:59 AM,8:16 PM,6:26 AM,7:49 PM,6:53 AM,7:23 PM,1:08 pm (58.3°),92.879
10,9,7:16 am ↑ (97°),6:59 pm ↑ (263°),11:42:42,−1:28,6:00 AM,8:15 PM,6:26 AM,7:48 PM,6:53 AM,7:22 PM,1:08 pm (57.9°),92.852
10,10,7:16 am ↑ (97°),6:58 pm ↑ (263°),11:41:13,−1:28,6:00 AM,8:14 PM,6:27 AM,7:47 PM,6:53 AM,7:21 PM,1:07 pm (57.5°),92.825
10,11,7:17 am ↑ (97°),6:57 pm ↑ (262°),11:39:45,−1:28,6:00 AM,8:13 PM,6:27 AM,7:46 PM,6:54 AM,7:20 PM,1:07 pm (57.1°),92.798
10,12,7:17 am ↑ (98°),6:56 pm ↑ (262°),11:38:17,−1:27,6:01 AM,8:12 PM,6:28 AM,7:46 PM,6:54 AM,7:19 PM,1:07 pm (56.8°),92.771
10,13,7:18 am ↑ (98°),6:55 pm ↑ (262°),11:36:50,−1:27,6:01 AM,8:11 PM,6:28 AM,7:45 PM,6:55 AM,7:18 PM,1:06 pm (56.4°),92.744
10,14,7:18 am ↑ (99°),6:54 pm ↑ (261°),11:35:22,−1:27,6:02 AM,8:10 PM,6:29 AM,7:44 PM,6:55 AM,7:17 PM,1:06 pm (56.0°),92.718
10,15,7:19 am ↑ (99°),6:53 pm ↑ (261°),11:33:55,−1:27,6:02 AM,8:09 PM,6:29 AM,7:43 PM,6:56 AM,7:16 PM,1:06 pm (55.6°),92.692
10,16,7:19 am ↑ (99°),6:52 pm ↑ (260°),11:32:28,−1:26,6:03 AM,8:09 PM,6:29 AM,7:42 PM,6:56 AM,7:15 PM,1:06 pm (55.3°),92.665
10,17,7:20 am ↑ (100°),6:51 pm ↑ (260°),11:31:02,−1:26,6:03 AM,8:08 PM,6:30 AM,7:41 PM,6:57 AM,7:14 PM,1:06 pm (54.9°),92.639
10,18,7:20 am ↑ (100°),6:50 pm ↑ (260°),11:29:36,−1:26,6:04 AM,8:07 PM,6:30 AM,7:40 PM,6:57 AM,7:13 PM,1:05 pm (54.6°),92.614
10,19,7:21 am ↑ (101°),6:49 pm ↑ (259°),11:28:10,−1:25,6:04 AM,8:06 PM,6:31 AM,7:39 PM,6:58 AM,7:12 PM,1:05 pm (54.2°),92.588
10,20,7:22 am ↑ (101°),6:48 pm ↑ (259°),11:26:45,−1:25,6:05 AM,8:05 PM,6:31 AM,7:38 PM,6:58 AM,7:12 PM,1:05 pm (53.8°),92.562
10,21,7:22 am ↑ (101°),6:47 pm ↑ (258°),11:25:20,−1:24,6:05 AM,8:04 PM,6:32 AM,7:38 PM,6:59 AM,7:11 PM,1:05 pm (53.5°),92.537
10,22,7:23 am ↑ (102°),6:47 pm ↑ (258°),11:23:56,−1:24,6:06 AM,8:04 PM,6:32 AM,7:37 PM,6:59 AM,7:10 PM,1:05 pm (53.1°),92.512
10,23,7:23 am ↑ (102°),6:46 pm ↑ (258°),11:22:32,−1:24,6:06 AM,8:03 PM,6:33 AM,7:36 PM,7:00 AM,7:09 PM,1:05 pm (52.8°),92.487
10,24,7:24 am ↑ (103°),6:45 pm ↑ (257°),11:21:08,−1:23,6:07 AM,8:02 PM,6:33 AM,7:35 PM,7:00 AM,7:08 PM,1:04 pm (52.4°),92.462
10,25,7:24 am ↑ (103°),6:44 pm ↑ (257°),11:19:45,−1:23,6:07 AM,8:01 PM,6:34 AM,7:34 PM,7:01 AM,7:07 PM,1:04 pm (52.1°),92.437
10,26,7:25 am ↑ (103°),6:43 pm ↑ (256°),11:18:22,−1:22,6:08 AM,8:01 PM,6:34 AM,7:34 PM,7:01 AM,7:07 PM,1:04 pm (51.7°),92.412
10,27,7:25 am ↑ (104°),6:42 pm ↑ (256°),11:17:01,−1:21,6:08 AM,8:00 PM,6:35 AM,7:33 PM,7:02 AM,7:06 PM,1:04 pm (51.4°),92.387
10,28,7:26 am ↑ (104°),6:42 pm ↑ (256°),11:15:39,−1:21,6:09 AM,7:59 PM,6:35 AM,7:32 PM,7:03 AM,7:05 PM,1:04 pm (51.1°),92.362
10,29,7:27 am ↑ (105°),6:41 pm ↑ (255°),11:14:18,−1:20,6:09 AM,7:59 PM,6:36 AM,7:32 PM,7:03 AM,7:05 PM,1:04 pm (50.7°),92.337
10,30,7:27 am ↑ (105°),6:40 pm ↑ (255°),11:12:58,−1:20,6:10 AM,7:58 PM,6:36 AM,7:31 PM,7:04 AM,7:04 PM,1:04 pm (50.4°),92.312
10,31,7:28 am ↑ (105°),6:40 pm ↑ (255°),11:11:39,−1:19,6:10 AM,7:57 PM,6:37 AM,7:30 PM,7:04 AM,7:03 PM,1:04 pm (50.1°),92.287
12,1,6:50 am ↑ (114°),5:29 pm ↑ (246°),10:39:04,−0:42,5:28 AM,6:50 PM,5:56 AM,6:22 PM,6:25 AM,5:54 PM,12:09 pm (42.4°),91.66
12,2,6:50 am ↑ (114°),5:29 pm ↑ (246°),10:38:24,−0:40,5:29 AM,6:50 PM,5:57 AM,6:22 PM,6:25 AM,5:54 PM,12:10 pm (42.3°),91.645
12,3,6:51 am ↑ (114°),5:29 pm ↑ (246°),10:37:45,−0:38,5:30 AM,6:50 PM,5:58 AM,6:22 PM,6:26 AM,5:54 PM,12:10 pm (42.1°),91.63
12,4,6:52 am ↑ (114°),5:29 pm ↑ (246°),10:37:08,−0:36,5:30 AM,6:50 PM,5:58 AM,6:22 PM,6:27 AM,5:54 PM,12:10 pm (42.0°),91.615
12,5,6:52 am ↑ (115°),5:29 pm ↑ (245°),10:36:33,−0:34,5:31 AM,6:51 PM,5:59 AM,6:23 PM,6:28 AM,5:54 PM,12:11 pm (41.9°),91.601
12,6,6:53 am ↑ (115°),5:29 pm ↑ (245°),10:36:00,−0:33,5:32 AM,6:51 PM,6:00 AM,6:23 PM,6:28 AM,5:54 PM,12:11 pm (41.7°),91.587
12,7,6:54 am ↑ (115°),5:29 pm ↑ (245°),10:35:29,−0:31,5:32 AM,6:51 PM,6:00 AM,6:23 PM,6:29 AM,5:54 PM,12:12 pm (41.6°),91.574
12,8,6:55 am ↑ (115°),5:30 pm ↑ (245°),10:35:00,−0:29,5:33 AM,6:51 PM,6:01 AM,6:23 PM,6:30 AM,5:55 PM,12:12 pm (41.5°),91.561
12,9,6:55 am ↑ (115°),5:30 pm ↑ (245°),10:34:33,−0:27,5:33 AM,6:52 PM,6:02 AM,6:23 PM,6:30 AM,5:55 PM,12:13 pm (41.4°),91.549
12,10,6:56 am ↑ (115°),5:30 pm ↑ (245°),10:34:08,−0:25,5:34 AM,6:52 PM,6:02 AM,6:24 PM,6:31 AM,5:55 PM,12:13 pm (41.3°),91.537
12,11,6:57 am ↑ (115°),5:30 pm ↑ (245°),10:33:45,−0:23,5:35 AM,6:52 PM,6:03 AM,6:24 PM,6:31 AM,5:55 PM,12:13 pm (41.2°),91.526
12,12,6:57 am ↑ (115°),5:31 pm ↑ (245°),10:33:24,−0:21,5:35 AM,6:53 PM,6:03 AM,6:24 PM,6:32 AM,5:56 PM,12:14 pm (41.2°),91.515
12,13,6:58 am ↑ (115°),5:31 pm ↑ (245°),10:33:05,−0:19,5:36 AM,6:53 PM,6:04 AM,6:25 PM,6:33 AM,5:56 PM,12:14 pm (41.1°),91.505
12,14,6:58 am ↑ (116°),5:31 pm ↑ (244°),10:32:48,−0:16,5:36 AM,6:53 PM,6:05 AM,6:25 PM,6:33 AM,5:56 PM,12:15 pm (41.0°),91.496
12,15,6:59 am ↑ (116°),5:32 pm ↑ (244°),10:32:33,−0:14,5:37 AM,6:54 PM,6:05 AM,6:25 PM,6:34 AM,5:57 PM,12:15 pm (41.0°),91.487
12,16,7:00 am ↑ (116°),5:32 pm ↑ (244°),10:32:20,−0:12,5:38 AM,6:54 PM,6:06 AM,6:26 PM,6:34 AM,5:57 PM,12:16 pm (40.9°),91.478
12,17,7:00 am ↑ (116°),5:32 pm ↑ (244°),10:32:09,−0:10,5:38 AM,6:54 PM,6:06 AM,6:26 PM,6:35 AM,5:58 PM,12:16 pm (40.9°),91.471
12,18,7:01 am ↑ (116°),5:33 pm ↑ (244°),10:32:01,−0:08,5:39 AM,6:55 PM,6:07 AM,6:27 PM,6:36 AM,5:58 PM,12:17 pm (40.9°),91.463
12,19,7:01 am ↑ (116°),5:33 pm ↑ (244°),10:31:55,−0:06,5:39 AM,6:55 PM,6:07 AM,6:27 PM,6:36 AM,5:58 PM,12:17 pm (40.8°),91.456
12,20,7:02 am ↑ (116°),5:34 pm ↑ (244°),10:31:50,−0:04,5:40 AM,6:56 PM,6:08 AM,6:28 PM,6:37 AM,5:59 PM,12:18 pm (40.8°),91.45
12,21,7:02 am ↑ (116°),5:34 pm ↑ (244°),10:31:48,−0:02,5:40 AM,6:56 PM,6:08 AM,6:28 PM,6:37 AM,5:59 PM,12:18 pm (40.8°),91.444
12,22,7:03 am ↑ (116°),5:35 pm ↑ (244°),10:31:49,< 1s,5:41 AM,6:57 PM,6:09 AM,6:29 PM,6:38 AM,6:00 PM,12:19 pm (40.8°),91.438
12,23,7:03 am ↑ (116°),5:35 pm ↑ (244°),10:31:51,+0:02,5:41 AM,6:57 PM,6:09 AM,6:29 PM,6:38 AM,6:00 PM,12:19 pm (40.8°),91.433
12,24,7:04 am ↑ (116°),5:36 pm ↑ (244°),10:31:55,+0:04,5:42 AM,6:58 PM,6:10 AM,6:30 PM,6:39 AM,6:01 PM,12:20 pm (40.8°),91.428
12,25,7:04 am ↑ (116°),5:36 pm ↑ (244°),10:32:02,+0:06,5:42 AM,6:58 PM,6:10 AM,6:30 PM,6:39 AM,6:02 PM,12:20 pm (40.9°),91.423
12,26,7:05 am ↑ (116°),5:37 pm ↑ (244°),10:32:11,+0:08,5:43 AM,6:59 PM,6:11 AM,6:31 PM,6:40 AM,6:02 PM,12:21 pm (40.9°),91.419
12,27,7:05 am ↑ (116°),5:37 pm ↑ (244°),10:32:21,+0:10,5:43 AM,7:00 PM,6:11 AM,6:31 PM,6:40 AM,6:03 PM,12:21 pm (40.9°),91.415
12,28,7:06 am ↑ (116°),5:38 pm ↑ (244°),10:32:34,+0:13,5:43 AM,7:00 PM,6:12 AM,6:32 PM,6:40 AM,6:03 PM,12:22 pm (41.0°),91.412
12,29,7:06 am ↑ (116°),5:39 pm ↑ (245°),10:32:50,+0:15,5:44 AM,7:01 PM,6:12 AM,6:33 PM,6:41 AM,6:04 PM,12:22 pm (41.0°),91.409
12,30,7:06 am ↑ (115°),5:39 pm ↑ (245°),10:33:07,+0:17,5:44 AM,7:01 PM,6:12 AM,6:33 PM,6:41 AM,6:04 PM,12:23 pm (41.1°),91.406
12,31,7:07 am ↑ (115°),5:40 pm ↑ (245°),10:33:26,+0:19,5:45 AM,7:02 PM,6:13 AM,6:34 PM,6:41 AM,6:05 PM,12:23 pm (41.2°),91.403